,avg_queue,avg_speed_mps,avg_wait_sec,episode,number_arrived_car,number_departed_car,number_total_car,step,time_sec
0,0.013888888888888888,12.51377844630148,0.02,0,0,0,150,1.0,5
1,0.1388888888888889,12.683698858096447,0.33986928104575165,0,0,1,153,2.0,10
2,0.22916666666666666,10.886423243549448,0.8129032258064516,0,0,0,155,3.0,15
3,0.3611111111111111,9.73243814521748,1.4777070063694266,0,0,0,157,4.0,20
4,0.3819444444444444,8.723690863097296,1.9371069182389937,0,1,1,159,5.0,25
5,0.4305555555555556,8.051584833802893,2.2422360248447206,0,0,0,161,6.0,30
6,0.5069444444444444,7.6476859578925405,2.981818181818182,0,0,1,165,7.0,35
7,0.5347222222222222,7.27214874962681,3.6121212121212123,0,0,0,165,8.0,40
8,0.5138888888888888,7.484367274906737,3.2395209580838324,0,1,0,167,9.0,45
9,0.5555555555555556,7.93294240775665,3.4550898203592815,0,1,1,167,10.0,50
10,0.6180555555555556,7.836640553439897,4.158823529411765,0,0,0,170,11.0,55
11,0.8402777777777778,6.898989312613084,5.728323699421965,0,0,0,173,12.0,60
12,0.8888888888888888,5.994434641795403,7.1345029239766085,0,2,1,171,13.0,65
13,0.7777777777777778,6.519066639954433,8.093023255813954,0,0,1,172,14.0,70
14,0.7916666666666666,6.858116918820935,8.3125,0,0,0,176,15.0,75
15,0.625,6.695297783790075,4.68361581920904,0,0,0,177,16.0,80
16,0.7361111111111112,7.002932617967501,5.616666666666666,0,1,0,180,17.0,85
17,0.7777777777777778,7.201755833450665,5.25,0,0,0,180,18.0,90
18,0.6666666666666666,7.575494966586296,4.602209944751381,0,1,0,181,19.0,95
19,0.7777777777777778,6.695348354420361,5.707182320441989,0,0,0,181,20.0,100
20,0.9652777777777778,5.980950200674589,7.316666666666666,0,0,1,180,21.0,105
21,0.8819444444444444,5.591027841379562,6.664835164835165,0,0,0,182,22.0,110
22,1.0833333333333333,4.904508249583302,8.0939226519337,0,0,0,181,23.0,115
23,1.2638888888888888,4.0034409349758375,9.972527472527473,0,1,0,182,24.0,120
24,1.2013888888888888,3.497130466287493,10.451086956521738,0,0,0,184,25.0,125
25,1.0902777777777777,4.25035232447981,11.28494623655914,0,0,1,186,26.0,130
26,1.0833333333333333,4.5930159085718785,11.00531914893617,0,0,0,188,27.0,135
27,1.1388888888888888,4.802590549838645,11.583333333333334,0,0,2,192,28.0,140
28,0.9722222222222222,5.195317839189246,9.865284974093264,0,0,2,193,29.0,145
29,0.7708333333333334,6.520671108420946,7.523076923076923,0,0,1,195,30.0,150
30,0.8055555555555556,6.903521489851916,6.005128205128205,0,0,2,195,31.0,155
31,0.9722222222222222,6.324000199615284,5.5786802030456855,0,1,1,197,32.0,160
32,1.1041666666666667,5.82347743025906,5.729591836734694,0,1,3,196,33.0,165
33,0.9513888888888888,5.783456183177474,5.71578947368421,0,1,1,190,34.0,170
34,0.8680555555555556,6.374800874003713,6.109375,0,0,2,192,35.0,175
35,0.8680555555555556,6.314379815250436,5.947916666666667,0,0,0,192,36.0,180
36,0.8402777777777778,6.530126795206254,6.076923076923077,0,0,0,195,37.0,185
37,1.0138888888888888,6.6856093762346145,7.731958762886598,0,2,2,194,38.0,190
38,1.0972222222222223,6.729997657165863,10.140625,0,1,0,192,39.0,195
39,1.0,6.135166359158155,9.21025641025641,0,0,1,195,40.0,200
40,0.9722222222222222,5.4024547249268435,6.989690721649485,0,0,0,194,41.0,205
41,0.9583333333333334,5.387215641296532,5.916666666666667,0,0,1,192,42.0,210
42,0.9444444444444444,5.547050921826288,6.223958333333333,0,1,0,192,43.0,215
43,1.1388888888888888,5.052804920387073,7.538860103626943,0,0,1,193,44.0,220
44,1.2291666666666667,4.3012849073645905,7.553191489361702,0,2,0,188,45.0,225
45,1.2986111111111112,4.681675079273632,9.1875,0,0,0,192,46.0,230
46,1.1597222222222223,4.776958382685044,9.26943005181347,0,1,1,193,47.0,235
47,1.0347222222222223,5.104422886367948,7.989473684210527,0,2,0,190,48.0,240
48,0.9583333333333334,6.071412770925264,7.958762886597938,0,0,2,194,49.0,245
49,0.8333333333333334,6.256562648579864,6.309278350515464,0,1,0,194,50.0,250
50,0.9166666666666666,6.461844686066188,6.577319587628866,0,1,0,194,51.0,255
51,1.0069444444444444,6.16974914511911,7.257731958762887,0,0,0,194,52.0,260
52,1.0069444444444444,6.248824770773375,5.88659793814433,0,3,0,194,53.0,265
53,0.7847222222222222,6.0581302590667585,3.7447916666666665,0,0,0,192,54.0,270
54,0.8125,6.394338342045499,3.711340206185567,0,0,0,194,55.0,275
55,1.0694444444444444,6.157506317659202,5.616580310880829,0,1,0,193,56.0,280
56,1.1111111111111112,5.594499854271061,7.403141361256544,0,2,0,191,57.0,285
57,0.8958333333333334,5.929961812238897,5.6878306878306875,0,1,1,189,58.0,290
58,0.8402777777777778,6.290309456362211,4.569148936170213,0,0,0,188,59.0,295
59,0.8263888888888888,6.730747891389937,3.8297872340425534,0,3,2,188,60.0,300
60,0.8888888888888888,6.564858785819844,3.7936507936507935,0,0,1,189,61.0,305
61,1.0208333333333333,6.422651277713176,5.261780104712042,0,0,2,191,62.0,310
62,1.0347222222222223,6.075471303573967,6.264550264550264,0,1,1,189,63.0,315
63,0.9861111111111112,5.778961873577866,6.973821989528796,0,1,1,191,64.0,320
64,0.8819444444444444,5.457670279850821,6.163157894736842,0,0,0,190,65.0,325
65,0.8472222222222222,5.816121031328767,5.419689119170984,0,1,0,193,66.0,330
66,1.0486111111111112,5.3870024503900185,6.089473684210526,0,1,0,190,67.0,335
67,1.0277777777777777,5.482374441663615,6.661458333333333,0,1,0,192,68.0,340
68,1.0972222222222223,5.635963106500836,7.9162303664921465,0,1,1,191,69.0,345
69,1.1041666666666667,5.618433280740635,8.663212435233161,0,0,0,193,70.0,350
70,1.2152777777777777,5.494364229526552,10.056410256410256,0,1,1,195,71.0,355
71,1.1805555555555556,5.174116510619973,8.646464646464647,0,0,1,198,72.0,360
72,0.9375,5.667057880035987,6.447761194029851,0,0,0,201,73.0,365
73,0.8541666666666666,6.107853630453069,5.980099502487562,0,1,0,201,74.0,370
74,0.9791666666666666,5.9950469905346075,6.52970297029703,0,0,0,202,75.0,375
75,1.0486111111111112,6.079707936047287,6.684729064039409,0,0,0,203,76.0,380
76,1.1458333333333333,6.000740783526347,6.712871287128713,0,1,0,202,77.0,385
77,1.2847222222222223,5.44447639412279,8.833333333333334,0,0,0,204,78.0,390
78,1.4444444444444444,4.840634398139749,11.439024390243903,0,1,0,205,79.0,395
79,1.4513888888888888,4.344749489849302,13.781553398058252,0,0,0,206,80.0,400
80,1.4027777777777777,4.043698939300284,14.413461538461538,0,0,0,208,81.0,405
81,1.1944444444444444,4.494305198082131,13.061904761904762,0,0,0,210,82.0,410
82,1.1597222222222223,5.322537462587015,12.855140186915888,0,0,0,214,83.0,415
83,1.0138888888888888,6.023100406115934,10.45754716981132,0,0,0,212,84.0,420
84,0.8194444444444444,6.397131269159774,7.57345971563981,0,0,0,211,85.0,425
85,0.9375,6.388419505630026,7.385714285714286,0,0,0,210,86.0,430
86,1.0694444444444444,5.905205882731064,5.819905213270142,0,0,0,211,87.0,435
87,1.0138888888888888,6.011020865153594,5.32093023255814,0,0,1,215,88.0,440
88,1.0277777777777777,5.598572286187563,6.083333333333333,0,0,0,216,89.0,445
89,1.1666666666666667,5.298891276456943,7.518867924528302,0,2,1,212,90.0,450
90,1.0555555555555556,5.330027302968709,7.349056603773585,0,2,1,212,91.0,455
91,0.9861111111111112,5.246730650774376,5.962085308056872,0,1,0,211,92.0,460
92,1.0138888888888888,5.40125309665241,5.568720379146919,0,0,0,211,93.0,465
93,1.0555555555555556,5.853542065482259,5.943396226415095,0,1,0,212,94.0,470
94,1.1458333333333333,5.362543360089859,7.107981220657277,0,0,0,213,95.0,475
95,1.3055555555555556,4.71494450429078,8.873239436619718,0,0,0,213,96.0,480
96,1.2361111111111112,4.128972290688887,9.23041474654378,0,0,0,217,97.0,485
97,1.125,4.741176068111996,8.415525114155251,0,0,0,219,98.0,490
98,1.0486111111111112,5.325336833464448,7.745454545454545,0,1,0,220,99.0,495
99,1.0416666666666667,6.029200924212895,7.872146118721461,0,0,0,219,100.0,500
100,0.9930555555555556,6.792058867158082,7.931506849315069,0,1,3,219,101.0,505
101,1.0138888888888888,6.84308887578567,8.442922374429223,0,0,0,219,102.0,510
102,0.9027777777777778,6.57456127486552,7.878378378378378,0,0,1,222,103.0,515
103,0.8263888888888888,6.344435339435392,6.457777777777777,0,0,0,225,104.0,520
104,0.9513888888888888,6.0257256624434685,6.420353982300885,0,0,1,226,105.0,525
105,1.0416666666666667,5.5303435004606545,6.065217391304348,0,0,0,230,106.0,530
106,1.0277777777777777,5.306588726310514,6.052173913043478,0,1,1,230,107.0,535
107,1.0833333333333333,5.244056624743428,5.166666666666667,0,0,1,228,108.0,540
108,1.0972222222222223,5.380213824287874,5.400862068965517,0,1,0,232,109.0,545
109,1.1875,4.928211242288642,6.103896103896104,0,0,0,231,110.0,550
110,1.1458333333333333,4.653753767051548,5.8268398268398265,0,0,2,231,111.0,555
111,1.1527777777777777,4.888243801035141,6.471615720524017,0,2,0,229,112.0,560
112,1.0972222222222223,4.554214871272771,6.943231441048035,0,2,0,229,113.0,565
113,1.1944444444444444,4.408827900782304,7.6103896103896105,0,1,1,231,114.0,570
114,1.2222222222222223,4.403875405566853,6.861471861471862,0,1,0,231,115.0,575
115,1.0208333333333333,4.19721212258919,5.543103448275862,0,0,0,232,116.0,580
116,1.2916666666666667,4.343586737325287,6.487288135593221,0,0,0,236,117.0,585
117,1.5,3.988892655349524,8.741525423728813,0,1,0,236,118.0,590
118,1.6319444444444444,3.799755753057487,11.159663865546218,0,2,2,238,119.0,595
119,1.5625,4.174998081725161,12.091666666666667,0,0,1,240,120.0,600
120,1.3611111111111112,3.9924633354667427,11.042016806722689,0,1,0,238,121.0,605
121,1.2847222222222223,3.8018164780753065,9.527426160337553,0,1,1,237,122.0,610
122,1.2083333333333333,3.6601098808746007,7.585470085470085,0,1,0,234,123.0,615
123,1.3055555555555556,3.77936989279722,7.360515021459228,0,0,0,233,124.0,620
124,1.4652777777777777,4.180086599114975,9.068669527896995,0,0,1,233,125.0,625
125,1.3958333333333333,4.598130933738907,9.935622317596566,0,0,0,233,126.0,630
126,1.4305555555555556,4.698192819384785,11.583690987124463,0,2,0,233,127.0,635
127,1.3125,4.647155434360746,10.859574468085107,0,0,1,235,128.0,640
128,1.2430555555555556,4.78282349616903,10.05439330543933,0,0,0,239,129.0,645
129,1.0277777777777777,4.7728478352638986,6.12396694214876,0,0,2,242,130.0,650
130,1.0,4.986403658634075,4.62396694214876,0,0,2,242,131.0,655
131,1.2013888888888888,4.636001585848919,4.566115702479339,0,2,2,242,132.0,660
132,1.2152777777777777,4.3502693588384,4.421487603305785,0,1,2,242,133.0,665
133,1.2708333333333333,4.653754888187733,5.62396694214876,0,0,0,242,134.0,670
134,1.4166666666666667,4.843956706858482,7.571428571428571,0,0,0,245,135.0,675
135,1.4027777777777777,4.473333331104722,8.454918032786885,0,2,1,244,136.0,680
136,1.3541666666666667,4.221961390467664,8.563786008230453,0,1,0,243,137.0,685
137,1.3819444444444444,4.885038599835684,9.739837398373984,0,0,0,246,138.0,690
138,1.5555555555555556,4.49197214421519,10.112,0,0,1,250,139.0,695
139,1.5277777777777777,4.365673321023145,9.386454183266933,0,0,0,251,140.0,700
140,1.5416666666666667,4.70960107876879,9.350393700787402,0,1,0,254,141.0,705
141,1.4583333333333333,4.507117207582559,10.590551181102363,0,0,1,254,142.0,710
142,1.4097222222222223,4.462516269467241,9.17578125,0,0,1,256,143.0,715
143,1.4166666666666667,4.361149285339592,8.95330739299611,0,1,1,257,144.0,720
144,1.3958333333333333,4.221082286848586,8.651340996168582,0,1,0,261,145.0,725
145,1.3194444444444444,5.055005550134597,7.741444866920152,0,0,0,263,146.0,730
146,1.4722222222222223,5.6946778417237125,9.276119402985074,0,0,2,268,147.0,735
147,1.6875,5.330435115592482,11.895131086142323,0,0,0,267,148.0,740
148,1.6666666666666667,4.89374475869307,12.898876404494382,0,0,0,267,149.0,745
149,1.6527777777777777,4.488772545461563,14.047970479704796,0,0,1,271,150.0,750
150,1.4583333333333333,4.533785370314197,12.389705882352942,0,0,1,272,151.0,755
151,1.4444444444444444,4.203876408675535,11.988888888888889,0,1,0,270,152.0,760
152,1.6875,3.639855977781862,13.368029739776953,0,0,0,269,153.0,765
153,1.8472222222222223,3.6246878863616634,14.572490706319703,0,2,0,269,154.0,770
154,1.6111111111111112,3.894611792803199,12.55056179775281,0,2,0,267,155.0,775
155,1.4652777777777777,4.466370920239115,11.516728624535316,0,0,0,269,156.0,780
156,1.5763888888888888,4.259111816970437,10.343173431734318,0,1,1,271,157.0,785
157,1.6805555555555556,3.7985842058757666,10.329629629629629,0,1,1,270,158.0,790
158,1.6527777777777777,4.093285469880225,9.344444444444445,0,1,0,270,159.0,795
159,1.6666666666666667,4.297147212545018,9.040740740740741,0,0,2,270,160.0,800
160,1.6111111111111112,4.660301452973071,9.284671532846716,0,0,1,274,161.0,805
161,1.5138888888888888,4.86522351640066,9.185454545454546,0,1,0,275,162.0,810
162,1.5208333333333333,5.002026286668965,10.440433212996389,0,0,1,277,163.0,815
163,1.5833333333333333,4.590437668042177,11.483636363636364,0,2,0,275,164.0,820
164,1.4791666666666667,4.36855693785163,9.847272727272728,0,1,1,275,165.0,825
165,1.4236111111111112,4.533512124512846,8.18978102189781,0,1,0,274,166.0,830
166,1.3611111111111112,4.460820215794685,7.091575091575091,0,1,1,273,167.0,835
167,1.3958333333333333,4.519718687139393,7.014598540145985,0,2,0,274,168.0,840
168,1.3819444444444444,4.820956476703092,6.3393501805054155,0,0,1,277,169.0,845
169,1.5138888888888888,4.737406159112466,7.734545454545454,0,2,0,275,170.0,850
170,1.6458333333333333,4.2136683834565565,9.128676470588236,0,1,1,272,171.0,855
171,1.6805555555555556,3.896043154330729,9.239852398523984,0,0,1,271,172.0,860
172,1.6527777777777777,3.842210663345959,9.06959706959707,0,0,1,273,173.0,865
173,1.6388888888888888,3.895841166055052,10.36861313868613,0,0,0,274,174.0,870
174,1.6597222222222223,4.039075567592114,10.51985559566787,0,0,0,277,175.0,875
175,1.5347222222222223,4.365148752716814,9.776173285198556,0,1,1,277,176.0,880
176,1.4583333333333333,4.160138876758313,9.00361010830325,0,0,2,277,177.0,885
177,1.4513888888888888,4.2739216190655505,8.618705035971223,0,0,1,278,178.0,890
178,1.5972222222222223,4.319161645889098,9.5663082437276,0,0,1,279,179.0,895
179,1.5555555555555556,4.731483663448341,10.118279569892474,0,0,0,279,180.0,900
180,1.5277777777777777,5.1382057971896735,10.698581560283689,0,0,0,282,181.0,905
181,1.5208333333333333,5.018610820675572,11.224199288256228,0,2,1,281,182.0,910
182,1.5277777777777777,4.606178598640407,10.355633802816902,0,1,1,284,183.0,915
183,1.5555555555555556,4.3812586731524,8.919014084507042,0,1,0,284,184.0,920
184,1.4930555555555556,4.561048049955435,7.2334494773519165,0,1,1,287,185.0,925
185,1.2708333333333333,4.758361958581202,6.027972027972028,0,1,1,286,186.0,930
186,1.3611111111111112,4.468397575889531,5.3886925795053005,0,1,0,283,187.0,935
187,1.6597222222222223,4.234605487099422,6.219081272084805,0,1,0,283,188.0,940
188,1.7916666666666667,4.11282013453972,7.566901408450704,0,1,0,284,189.0,945
189,1.6736111111111112,4.123668854242659,7.8671328671328675,0,0,1,286,190.0,950
190,1.6319444444444444,4.196831147974847,7.439024390243903,0,1,1,287,191.0,955
191,1.5347222222222223,4.473312074973221,7.111888111888112,0,1,0,286,192.0,960
192,1.6875,3.9038725035376096,7.698245614035088,0,2,1,285,193.0,965
193,1.6736111111111112,3.8344456652202976,6.696864111498257,0,0,1,287,194.0,970
194,1.7847222222222223,3.758148993551864,6.770833333333333,0,0,2,288,195.0,975
195,1.8194444444444444,3.7343411721263617,7.197231833910035,0,0,1,289,196.0,980
196,1.7430555555555556,3.591737588711615,7.216783216783217,0,0,0,286,197.0,985
197,1.75,3.5026326978345566,7.457044673539519,0,1,2,291,198.0,990
198,1.8402777777777777,3.388794181084016,8.602739726027398,0,0,1,292,199.0,995
199,2.0833333333333335,3.3916714025120416,10.835616438356164,0,0,1,292,200.0,1000
200,2.1666666666666665,3.0632982010510723,11.958762886597938,0,0,0,291,201.0,1005
201,2.2916666666666665,3.1024074945258127,13.58703071672355,0,0,0,293,202.0,1010
202,2.1319444444444446,3.3220037765340624,13.599326599326599,0,0,2,297,203.0,1015
203,1.7986111111111112,3.8097747543754203,11.046979865771812,0,0,1,298,204.0,1020
204,1.6180555555555556,4.154588245826279,9.203333333333333,0,0,1,300,205.0,1025
205,1.5902777777777777,4.145032786554012,7.053156146179402,0,2,1,301,206.0,1030
206,1.6875,4.005720244524898,7.224080267558528,0,0,0,299,207.0,1035
207,1.8819444444444444,3.807383007981236,8.033557046979865,0,1,0,298,208.0,1040
208,2.1319444444444446,3.7458336526253304,10.143333333333333,0,0,1,300,209.0,1045
209,2.2152777777777777,3.2133003578277126,12.345514950166113,0,1,1,301,210.0,1050
210,2.2291666666666665,2.7147277111415504,13.407407407407407,0,2,0,297,211.0,1055
211,2.0833333333333335,2.991557409062502,13.397993311036789,0,0,0,299,212.0,1060
212,1.9305555555555556,3.52452096964019,13.306930693069306,0,0,0,303,213.0,1065
213,1.9444444444444444,4.067761136134209,13.498360655737704,0,0,0,305,214.0,1070
214,1.7638888888888888,4.2143147086902415,12.513157894736842,0,1,0,304,215.0,1075
215,1.8611111111111112,4.045628277544653,12.58085808580858,0,0,1,303,216.0,1080
216,1.7708333333333333,4.238943397928707,11.970873786407767,0,0,0,309,217.0,1085
217,1.6180555555555556,4.1794153915211885,9.96103896103896,0,0,0,308,218.0,1090
218,1.6875,3.9939965676566747,9.728155339805825,0,1,1,309,219.0,1095
219,1.9305555555555556,3.67766236059073,10.493548387096775,0,0,1,310,220.0,1100
220,1.9166666666666667,3.513507367210946,9.682692307692308,0,1,1,312,221.0,1105
221,1.9166666666666667,3.625111264983301,9.13375796178344,0,0,1,314,222.0,1110
222,1.9236111111111112,3.7674108657276006,9.05111821086262,0,0,0,313,223.0,1115
223,1.7361111111111112,3.6775774011874134,8.676190476190476,0,0,1,315,224.0,1120
224,1.8541666666666667,3.6272068947558815,9.213375796178344,0,1,1,314,225.0,1125
225,1.8194444444444444,3.514760146780329,8.092063492063492,0,0,1,315,226.0,1130
226,2.0347222222222223,3.6056010622675867,8.854430379746836,0,1,0,316,227.0,1135
227,2.0902777777777777,3.6668871356575674,9.525316455696203,0,1,1,316,228.0,1140
228,1.8611111111111112,3.6023487572435817,8.170347003154575,0,0,1,317,229.0,1145
229,1.875,3.8734899085156873,7.905362776025236,0,0,0,317,230.0,1150
230,1.6736111111111112,4.219090076742999,7.490625,0,0,0,320,231.0,1155
231,1.6041666666666667,4.576742980945234,7.2924528301886795,0,3,2,318,232.0,1160
232,1.5069444444444444,4.571159363809391,7.405063291139241,0,0,1,316,233.0,1165
233,1.5416666666666667,4.7864478986696,7.6044303797468356,0,0,0,316,234.0,1170
234,1.5833333333333333,4.696705056748315,7.833333333333333,0,0,1,318,235.0,1175
235,1.5833333333333333,4.739129328740687,8.141065830721002,0,0,0,319,236.0,1180
236,1.6944444444444444,4.9716644091184365,8.909090909090908,0,1,0,319,237.0,1185
237,1.8541666666666667,4.4870223241542035,10.095975232198143,0,0,3,323,238.0,1190
238,2.076388888888889,3.82856422873847,11.5202492211838,0,0,0,321,239.0,1195
239,2.0902777777777777,3.5907230788583018,11.705329153605016,0,2,1,319,240.0,1200
240,2.013888888888889,3.6072061872344663,11.13125,0,1,0,320,241.0,1205
241,2.0069444444444446,3.905233385866411,11.11214953271028,0,0,0,321,242.0,1210
242,2.0,3.8506559823521456,11.316923076923077,0,0,0,325,243.0,1215
243,2.0625,3.7089144396741878,12.391975308641975,0,1,0,324,244.0,1220
244,2.111111111111111,3.4357597742741244,13.626168224299066,0,0,0,321,245.0,1225
245,1.8958333333333333,3.5201750295580068,12.821875,0,1,0,320,246.0,1230
246,1.6111111111111112,4.243098268466574,11.015576323987538,0,0,1,321,247.0,1235
247,1.5138888888888888,5.017908343853369,9.707165109034268,0,0,1,321,248.0,1240
248,1.75,5.048971332575793,10.737341772151899,0,2,0,316,249.0,1245
249,1.6875,5.035121412964216,10.942857142857143,0,0,1,315,250.0,1250
250,1.5625,4.998976976596364,10.848580441640378,0,1,1,317,251.0,1255
251,1.5625,4.598129198255933,10.693037974683545,0,1,0,316,252.0,1260
252,1.8472222222222223,4.21594738092966,10.715625,0,0,0,320,253.0,1265
253,1.9444444444444444,3.6142120771631423,12.071428571428571,0,0,0,322,254.0,1270
254,2.0416666666666665,3.5934707673103157,10.701538461538462,0,1,2,325,255.0,1275
255,1.8888888888888888,3.4591402462038117,8.836923076923076,0,0,0,325,256.0,1280
256,1.9791666666666667,3.7000792908461704,8.843076923076923,0,1,2,325,257.0,1285
257,2.0069444444444446,3.5724717739190797,9.323076923076924,0,0,1,325,258.0,1290
258,2.0347222222222223,3.708777789815712,11.043076923076923,0,1,1,325,259.0,1295
259,1.9722222222222223,4.115237442020814,12.452599388379205,0,0,0,327,260.0,1300
260,1.8958333333333333,4.267293741226744,12.565349544072948,0,0,1,329,261.0,1305
261,1.8055555555555556,4.2885514948664225,10.70392749244713,0,1,2,331,262.0,1310
262,1.6458333333333333,4.412546298155171,8.69578313253012,0,0,1,332,263.0,1315
263,1.7152777777777777,4.362839857828542,7.890207715133531,0,0,1,337,264.0,1320
264,1.7638888888888888,4.237278642298615,7.595238095238095,0,1,2,336,265.0,1325
265,1.6111111111111112,4.25981565004303,6.470238095238095,0,1,1,336,266.0,1330
266,1.6805555555555556,3.882519315202864,5.141176470588236,0,0,2,340,267.0,1335
267,1.7916666666666667,3.4534043505387966,6.088235294117647,0,0,0,340,268.0,1340
268,2.0416666666666665,3.0456236874674647,7.772594752186589,0,1,0,343,269.0,1345
269,2.2569444444444446,2.6866532303601427,8.446685878962535,0,0,2,347,270.0,1350
270,2.1180555555555554,2.650474299707235,7.965616045845272,0,0,1,349,271.0,1355
271,2.111111111111111,2.9009097721015986,8.541076487252125,0,0,2,353,272.0,1360
272,2.2083333333333335,2.943736109252444,9.608450704225351,0,0,1,355,273.0,1365
273,2.2847222222222223,3.0393074845020447,10.584745762711865,0,0,0,354,274.0,1370
274,2.1597222222222223,3.1574648258164353,10.487323943661972,0,1,0,355,275.0,1375
275,1.8333333333333333,3.4038901605731615,9.05056179775281,0,1,0,356,276.0,1380
276,1.6875,3.537725733882773,7.890449438202247,0,0,1,356,277.0,1385
277,1.7013888888888888,3.91179474247602,7.518207282913165,0,1,1,357,278.0,1390
278,1.7083333333333333,3.8611462184791896,7.2924791086350975,0,0,0,359,279.0,1395
279,1.7708333333333333,3.7382621623868286,6.5127478753541075,0,0,0,353,280.0,1400
280,1.8472222222222223,3.6225414096848976,7.306818181818182,0,1,2,352,281.0,1405
281,2.0069444444444446,3.3556399491840634,7.90625,0,0,2,352,282.0,1410
282,1.8611111111111112,3.5322279811672734,8.165714285714285,0,2,0,350,283.0,1415
283,1.7777777777777777,3.9356844283716232,7.645070422535211,0,0,1,355,284.0,1420
284,1.6666666666666667,4.485034972802383,7.092178770949721,0,1,0,358,285.0,1425
285,1.6319444444444444,4.7814675671699645,6.4581005586592175,0,0,0,358,286.0,1430
286,1.7777777777777777,4.606713831757923,7.084033613445378,0,3,2,357,287.0,1435
287,2.0555555555555554,4.4033666109788925,9.0,0,0,1,357,288.0,1440
288,2.2152777777777777,4.0416680004952825,10.625698324022347,0,0,0,358,289.0,1445
289,2.1944444444444446,3.597792975651526,11.584745762711865,0,1,0,354,290.0,1450
290,2.173611111111111,3.381670233019464,12.824362606232295,0,0,0,353,291.0,1455
291,2.361111111111111,3.4951467026340546,13.851123595505618,0,1,0,356,292.0,1460
292,2.1875,3.7575125816720174,13.242339832869082,0,0,1,359,293.0,1465
293,2.0416666666666665,4.094134527124493,13.139664804469273,0,0,0,358,294.0,1470
294,1.9375,4.5819109661864506,11.453038674033149,0,0,0,362,295.0,1475
295,1.7847222222222223,5.0759007482089515,10.762430939226519,0,1,1,362,296.0,1480
296,1.6041666666666667,5.401391648435313,9.32033426183844,0,1,1,359,297.0,1485
297,1.6180555555555556,5.601059019336355,8.164804469273744,0,1,0,358,298.0,1490
298,1.6597222222222223,5.641717930118019,8.013927576601672,0,0,1,359,299.0,1495
299,1.6944444444444444,5.4245848838115975,8.226256983240223,0,0,0,358,300.0,1500
300,1.7708333333333333,5.125083769701399,8.416666666666666,0,1,0,360,301.0,1505
301,1.8541666666666667,4.790780130027985,8.799442896935933,0,1,0,359,302.0,1510
302,2.0208333333333335,4.122541884636853,9.205633802816902,0,1,0,355,303.0,1515
303,2.138888888888889,3.625914404594606,9.570224719101123,0,2,1,356,304.0,1520
304,2.1666666666666665,3.8387369373152676,10.056657223796034,0,1,2,353,305.0,1525
305,2.0277777777777777,3.956696771226797,9.43839541547278,0,0,0,349,306.0,1530
306,1.8402777777777777,4.077169243690845,8.501432664756447,0,2,0,349,307.0,1535
307,1.7222222222222223,4.280195138638496,8.890489913544668,0,2,2,347,308.0,1540
308,1.6111111111111112,4.476156504063846,8.095652173913043,0,2,0,345,309.0,1545
309,1.625,4.561106022063248,7.430232558139535,0,2,2,344,310.0,1550
310,1.7222222222222223,4.448382611332722,7.653958944281525,0,1,2,341,311.0,1555
311,1.8263888888888888,4.266218618793338,8.498525073746313,0,0,0,339,312.0,1560
312,2.0902777777777777,3.897151197533639,10.24561403508772,0,0,0,342,313.0,1565
313,2.2708333333333335,3.479030655677592,11.718840579710145,0,0,1,345,314.0,1570
314,2.2430555555555554,3.0828875439684706,12.755813953488373,0,3,0,344,315.0,1575
315,2.2083333333333335,2.6344642583759823,13.402332361516034,0,0,1,343,316.0,1580
316,2.2569444444444446,2.4860034348344753,14.032163742690058,0,1,0,342,317.0,1585
317,2.25,2.817642640628965,14.876106194690266,0,3,1,339,318.0,1590
318,2.173611111111111,3.37747099481027,15.609970674486803,0,1,1,341,319.0,1595
319,2.013888888888889,3.729237576438975,15.265486725663717,0,1,1,339,320.0,1600
320,1.9305555555555556,3.9230708792724625,15.211940298507463,0,1,1,335,321.0,1605
321,1.9930555555555556,3.970781477489749,15.109792284866469,0,0,1,337,322.0,1610
322,2.076388888888889,3.9913076581388585,15.30952380952381,0,0,0,336,323.0,1615
323,1.9375,3.9292247278060035,14.539823008849558,0,1,0,339,324.0,1620
324,1.9513888888888888,3.546515829793579,14.145772594752186,0,1,0,343,325.0,1625
325,2.0208333333333335,3.3105892501700693,13.121387283236995,0,0,0,346,326.0,1630
326,2.2708333333333335,3.089130343920595,13.223188405797101,0,1,0,345,327.0,1635
327,2.1944444444444446,3.0785591902689537,11.806916426512968,0,1,0,347,328.0,1640
328,2.111111111111111,3.252772378946806,10.750716332378223,0,0,2,349,329.0,1645
329,2.125,2.953133570334121,9.801724137931034,0,0,0,348,330.0,1650
330,2.0902777777777777,2.6212465327746,8.197707736389685,0,2,2,349,331.0,1655
331,2.125,2.7710255174758878,8.2991452991453,0,0,0,351,332.0,1660
332,2.3194444444444446,2.6829811372607457,9.587392550143267,0,0,0,349,333.0,1665
333,2.5833333333333335,2.8190664919063817,12.065527065527066,0,0,0,351,334.0,1670
334,2.5416666666666665,2.6353177152995007,13.022535211267606,0,0,1,355,335.0,1675
335,2.4097222222222223,2.675606179778917,13.80225988700565,0,0,0,354,336.0,1680
336,2.423611111111111,3.009895435883088,15.195530726256983,0,0,1,358,337.0,1685
337,2.548611111111111,3.048852989578175,16.36288088642659,0,0,0,361,338.0,1690
338,2.5277777777777777,3.108643735450936,16.744505494505493,0,0,0,364,339.0,1695
339,2.5347222222222223,2.9718012176487942,16.912806539509535,0,0,0,367,340.0,1700
340,2.5347222222222223,2.9857055454705734,16.697297297297297,0,1,3,370,341.0,1705
341,2.375,2.6162040209194113,14.380434782608695,0,0,0,368,342.0,1710
342,2.1944444444444446,2.9840093489381347,12.508108108108107,0,0,3,370,343.0,1715
343,2.0625,3.474125780375784,11.557951482479785,0,0,0,371,344.0,1720
344,2.201388888888889,3.510984445894627,12.483957219251337,0,0,2,374,345.0,1725
345,2.361111111111111,3.4302997288340435,14.328,0,1,0,375,346.0,1730
346,2.513888888888889,3.404906703747473,14.645333333333333,0,0,1,375,347.0,1735
347,2.4097222222222223,3.6371833675246155,13.351063829787234,0,1,0,376,348.0,1740
348,2.138888888888889,3.4457648346932688,11.547872340425531,0,0,0,376,349.0,1745
349,1.9375,3.8671129998419222,10.438502673796792,0,0,0,374,350.0,1750
350,1.7708333333333333,4.054376755941156,7.989218328840971,0,1,0,371,351.0,1755
351,1.6944444444444444,3.9763739549903874,6.908602150537634,0,0,0,372,352.0,1760
352,1.9027777777777777,3.9144770840680474,7.539509536784741,0,0,3,367,353.0,1765
353,2.0902777777777777,3.929990157925961,8.40599455040872,0,0,0,367,354.0,1770
354,2.1527777777777777,3.595988903554932,9.24119241192412,0,0,1,369,355.0,1775
355,2.263888888888889,2.9219639767471133,10.93131868131868,0,3,0,364,356.0,1780
356,2.375,2.766438353652438,12.907356948228882,0,0,0,367,357.0,1785
357,2.361111111111111,2.874523824289936,14.16531165311653,0,1,1,369,358.0,1790
358,2.0208333333333335,3.299554239118237,12.967567567567567,0,0,1,370,359.0,1795
359,2.0347222222222223,3.887046191858065,12.368563685636856,0,0,0,369,360.0,1800
360,1.9375,4.341290342165012,11.527027027027026,0,3,0,370,361.0,1805
361,1.6527777777777777,4.533251945530626,9.290760869565217,0,2,1,368,362.0,1810
362,1.4305555555555556,4.872026492154285,5.89344262295082,0,1,0,366,363.0,1815
363,1.4652777777777777,4.863064869686751,5.895316804407713,0,2,1,363,364.0,1820
364,1.5833333333333333,4.754802000639817,6.6115702479338845,0,1,1,363,365.0,1825
365,1.8333333333333333,4.520012701764566,7.567493112947658,0,0,0,363,366.0,1830
366,1.8541666666666667,4.549754380660082,7.761643835616439,0,0,1,365,367.0,1835
367,1.7916666666666667,4.2109455322945255,7.609289617486339,0,0,0,366,368.0,1840
368,1.7708333333333333,4.212661197678608,7.16986301369863,0,1,0,365,369.0,1845
369,1.7222222222222223,4.264854695863553,6.96978021978022,0,1,0,364,370.0,1850
370,1.8888888888888888,4.373760630606202,7.51912568306011,0,1,1,366,371.0,1855
371,2.125,4.104785865699487,8.348066298342541,0,2,1,362,372.0,1860
372,2.25,3.840635774589041,8.941340782122905,0,1,0,358,373.0,1865
373,2.0694444444444446,3.857706169631269,8.39718309859155,0,0,0,355,374.0,1870
374,1.8194444444444444,4.187670959327822,8.402816901408451,0,1,0,355,375.0,1875
375,1.9652777777777777,4.049509644891265,9.41340782122905,0,1,0,358,376.0,1880
376,1.9375,4.045742530375997,9.675070028011204,0,0,2,357,377.0,1885
377,2.2222222222222223,3.8351171317891595,11.192737430167599,0,0,0,358,378.0,1890
378,2.361111111111111,3.569725927930781,11.98611111111111,0,0,1,360,379.0,1895
379,2.236111111111111,3.183792216599059,11.788300835654596,0,0,0,359,380.0,1900
380,2.375,2.9912441591354337,12.631578947368421,0,0,0,361,381.0,1905
381,2.5,2.8294384483936272,12.93646408839779,0,0,0,362,382.0,1910
382,2.3541666666666665,2.7484161287737052,13.030470914127424,0,3,0,361,383.0,1915
383,2.5277777777777777,2.5869081536036567,14.71900826446281,0,0,0,363,384.0,1920
384,2.5416666666666665,2.4447848621012582,13.335164835164836,0,0,1,364,385.0,1925
385,2.4097222222222223,2.92275766226116,12.334246575342465,0,0,0,365,386.0,1930
386,2.2777777777777777,3.1852982831455923,11.855978260869565,0,1,1,368,387.0,1935
387,2.25,3.5592642439999986,11.912568306010929,0,1,1,366,388.0,1940
388,2.3055555555555554,3.3744225946499076,12.53133514986376,0,0,2,367,389.0,1945
389,2.236111111111111,3.316819772186035,11.546195652173912,0,0,0,368,390.0,1950
390,2.2291666666666665,3.6243351591897714,12.101876675603217,0,0,1,373,391.0,1955
391,2.3958333333333335,3.3162445694260416,12.578378378378378,0,1,1,370,392.0,1960
392,2.3333333333333335,3.10662576918267,11.773584905660377,0,1,0,371,393.0,1965
393,2.173611111111111,3.1470113145425946,10.824324324324325,0,1,1,370,394.0,1970
394,2.2291666666666665,3.3530848152650057,10.629032258064516,0,0,0,372,395.0,1975
395,2.375,3.6020603859452764,11.172506738544474,0,1,0,371,396.0,1980
396,2.451388888888889,3.353019545461311,11.95710455764075,0,2,0,373,397.0,1985
397,2.6319444444444446,3.0551631764501703,12.954666666666666,0,0,2,375,398.0,1990
398,2.6458333333333335,2.734751930142931,13.15549597855228,0,2,0,373,399.0,1995
399,2.4305555555555554,3.1400600969460477,11.84,0,1,2,375,400.0,2000
400,2.1319444444444446,3.193661117672094,9.967828418230564,0,1,0,373,401.0,2005
401,2.2083333333333335,3.0623321869225157,9.712,0,0,1,375,402.0,2010
402,2.5208333333333335,2.8360926898717875,11.310160427807487,0,1,1,374,403.0,2015
403,2.6458333333333335,2.9273180656311726,12.789893617021276,0,0,0,376,404.0,2020
404,2.8472222222222223,2.9381293911712976,14.762532981530343,0,0,1,379,405.0,2025
405,2.9097222222222223,3.0553430437547027,16.56544502617801,0,0,0,382,406.0,2030
406,2.5347222222222223,3.12761327613096,15.00523560209424,0,0,1,382,407.0,2035
407,2.6666666666666665,3.1997982169162387,14.597911227154047,0,0,0,383,408.0,2040
408,2.7152777777777777,3.0752494750397004,15.467362924281984,0,1,0,383,409.0,2045
409,2.673611111111111,3.2494479746557374,16.908136482939632,0,3,0,381,410.0,2050
410,2.701388888888889,3.2847985358095864,18.105540897097626,0,0,0,379,411.0,2055
411,2.8194444444444446,3.0438789727223976,20.06578947368421,0,0,0,380,412.0,2060
412,2.701388888888889,3.1254467956067455,19.651832460732983,0,0,1,382,413.0,2065
413,2.6527777777777777,3.3054988399165235,18.825065274151434,0,0,0,383,414.0,2070
414,2.75,3.3684811391040035,19.759791122715406,0,1,0,383,415.0,2075
415,2.4027777777777777,3.436481823446551,18.569190600522195,0,0,2,383,416.0,2080
416,2.263888888888889,4.021171026910542,18.485564304461942,0,0,0,381,417.0,2085
417,2.3958333333333335,3.9663311615805954,19.165354330708663,0,2,1,381,418.0,2090
418,2.451388888888889,3.756025077606718,19.342105263157894,0,0,0,380,419.0,2095
419,2.4305555555555554,3.597216481509155,17.93103448275862,0,1,0,377,420.0,2100
420,2.388888888888889,3.1926987441817087,13.275401069518717,0,1,0,374,421.0,2105
421,2.2152777777777777,3.228967932755658,11.981432360742705,0,1,0,377,422.0,2110
422,2.2777777777777777,3.0774176438006386,11.76984126984127,0,0,0,378,423.0,2115
423,2.263888888888889,2.9907280404216285,11.176781002638522,0,0,0,379,424.0,2120
424,2.3472222222222223,2.886533427310672,10.65691489361702,0,0,0,376,425.0,2125
425,2.263888888888889,2.957773012351344,9.952506596306069,0,0,0,379,426.0,2130
426,2.3402777777777777,3.0604003395323347,10.044736842105262,0,1,3,380,427.0,2135
427,2.326388888888889,3.128197034044289,10.272486772486772,0,1,0,378,428.0,2140
428,2.2152777777777777,3.319043756679522,10.12664907651715,0,0,1,379,429.0,2145
429,2.1805555555555554,3.4358829120325396,10.138666666666667,0,0,1,375,430.0,2150
430,2.138888888888889,3.6636445063392062,10.179624664879357,0,1,1,373,431.0,2155
431,2.173611111111111,3.4288434214354866,10.942934782608695,0,2,0,368,432.0,2160
432,2.4652777777777777,2.8996664403893653,12.3551912568306,0,1,0,366,433.0,2165
433,2.486111111111111,2.559992570402118,12.933333333333334,0,2,2,360,434.0,2170
434,2.5347222222222223,2.370079226971288,13.821727019498606,0,2,1,359,435.0,2175
435,2.5625,2.694183927097754,14.770083102493075,0,0,1,361,436.0,2180
436,2.513888888888889,2.9704581918577913,16.252777777777776,0,1,1,360,437.0,2185
437,2.5416666666666665,2.9844083739710903,17.76795580110497,0,0,1,362,438.0,2190
438,2.5694444444444446,2.825348247499042,18.900277008310248,0,1,0,361,439.0,2195
439,2.486111111111111,2.7761531788907416,18.455801104972377,0,1,1,362,440.0,2200
440,2.3472222222222223,2.4702376097882,15.76388888888889,0,0,0,360,441.0,2205
441,2.326388888888889,2.4645738450663615,13.355371900826446,0,0,1,363,442.0,2210
442,2.486111111111111,2.487876078435683,12.818181818181818,0,0,0,363,443.0,2215
443,2.5277777777777777,2.354340115751214,13.365384615384615,0,0,1,364,444.0,2220
444,2.3819444444444446,2.3520857520763334,10.9196675900277,0,2,1,361,445.0,2225
445,2.3541666666666665,2.7314472904733176,9.146408839779005,0,0,0,362,446.0,2230
446,2.5625,3.0165800019686335,9.704918032786885,0,0,1,366,447.0,2235
447,2.875,3.085862863453725,11.29700272479564,0,1,0,367,448.0,2240
448,2.8125,2.8737682443846815,12.489010989010989,0,0,0,364,449.0,2245
449,2.4027777777777777,2.8568636337238544,10.673076923076923,0,1,0,364,450.0,2250
450,1.9652777777777777,3.7936690982353247,8.340659340659341,0,0,0,364,451.0,2255
451,1.9027777777777777,4.2353053411587664,6.873626373626373,0,0,0,364,452.0,2260
452,2.0,3.8068363497615425,6.342391304347826,0,1,1,368,453.0,2265
453,2.1944444444444446,3.6253706119182763,6.176151761517615,0,0,0,369,454.0,2270
454,1.9027777777777777,3.570410842904469,4.964864864864865,0,0,1,370,455.0,2275
455,1.6180555555555556,3.6673256340689555,3.8058510638297873,0,0,1,376,456.0,2280
456,1.6388888888888888,3.3414003450696925,3.513157894736842,0,0,0,380,457.0,2285
457,2.0625,3.2234256434902213,3.9244791666666665,0,1,2,384,458.0,2290
458,2.3194444444444446,3.132712483939011,4.961340206185567,0,0,0,388,459.0,2295
459,2.3958333333333335,3.1280978307395086,6.0948717948717945,0,0,2,390,460.0,2300
460,2.1875,3.136337676322246,5.542199488491049,0,0,2,391,461.0,2305
461,2.0416666666666665,3.483744326139804,5.429667519181586,0,2,1,391,462.0,2310
462,2.1597222222222223,3.448941598858519,6.143222506393862,0,0,1,391,463.0,2315
463,2.3333333333333335,2.6259118487792876,7.135897435897436,0,2,0,390,464.0,2320
464,2.6458333333333335,2.5930724624536032,8.219072164948454,0,0,0,388,465.0,2325
465,2.3680555555555554,2.670710733374701,7.012755102040816,0,0,0,392,466.0,2330
466,2.548611111111111,2.610176362435185,7.820971867007673,0,1,0,391,467.0,2335
467,2.5,2.9063949685530774,8.04896907216495,0,2,0,388,468.0,2340
468,2.486111111111111,3.3901057941802426,8.78974358974359,0,0,0,390,469.0,2345
469,2.5416666666666665,3.51638385098233,9.96401028277635,0,0,0,389,470.0,2350
470,2.673611111111111,3.474730429771821,11.560411311053985,0,1,0,389,471.0,2355
471,2.6180555555555554,3.6017439395142308,11.882051282051282,0,0,0,390,472.0,2360
472,2.548611111111111,3.187821302901823,11.569948186528498,0,2,0,386,473.0,2365
473,2.3541666666666665,3.0272735651806824,11.507853403141361,0,0,0,382,474.0,2370
474,2.2291666666666665,3.284274892353194,10.501312335958005,0,0,0,381,475.0,2375
475,2.2222222222222223,3.1462102488314883,9.723684210526315,0,0,1,380,476.0,2380
476,2.1041666666666665,3.036896411914053,7.791005291005291,0,0,1,378,477.0,2385
477,2.326388888888889,3.2539784167499928,8.716180371352785,0,0,0,377,478.0,2390
478,2.5694444444444446,3.3017511796119337,9.74074074074074,0,1,1,378,479.0,2395
479,2.5694444444444446,3.2547466075340195,10.752659574468085,0,2,0,376,480.0,2400
480,2.4305555555555554,3.1834887510555676,11.143236074270558,0,0,1,377,481.0,2405
481,2.3333333333333335,2.853414807923944,10.76923076923077,0,0,0,377,482.0,2410
482,2.375,3.0266634339381313,11.103174603174603,0,0,0,378,483.0,2415
483,2.3333333333333335,2.904420382774901,11.588390501319262,0,0,1,379,484.0,2420
484,2.4097222222222223,2.7356122687208444,12.295514511873352,0,1,0,379,485.0,2425
485,2.4305555555555554,3.0102581087131854,12.631578947368421,0,1,1,380,486.0,2430
486,2.638888888888889,2.9663494256038474,13.24083769633508,0,0,1,382,487.0,2435
487,2.5625,3.0223186387753325,12.564304461942257,0,2,0,381,488.0,2440
488,2.3819444444444446,3.0382720755697044,11.62962962962963,0,0,0,378,489.0,2445
489,2.3472222222222223,3.4283592847576965,11.709424083769633,0,0,0,382,490.0,2450
490,2.3055555555555554,3.184087230646874,11.270341207349082,0,2,0,381,491.0,2455
491,2.3125,2.9414359390922074,10.707894736842105,0,1,1,380,492.0,2460
492,2.513888888888889,2.9070529512475405,10.736842105263158,0,0,1,380,493.0,2465
493,2.5555555555555554,2.8368056831099673,9.264397905759163,0,0,3,382,494.0,2470
494,2.5972222222222223,2.9625497405293637,9.871391076115486,0,1,1,381,495.0,2475
495,2.5,3.350918320777871,10.297650130548304,0,0,1,383,496.0,2480
496,2.375,3.635085908442188,9.900783289817232,0,2,0,383,497.0,2485
497,2.2083333333333335,3.381134176810251,8.433420365535248,0,0,1,383,498.0,2490
498,2.4027777777777777,3.0727317436106154,8.440944881889763,0,1,1,381,499.0,2495
499,2.4305555555555554,2.688604931343627,8.478947368421053,0,1,1,380,500.0,2500
500,2.4722222222222223,2.567820556603243,8.20997375328084,0,2,0,381,501.0,2505
501,2.6597222222222223,2.312522193468192,8.559895833333334,0,0,0,384,502.0,2510
502,2.6944444444444446,2.373990323711039,8.737113402061855,0,1,0,388,503.0,2515
503,2.6319444444444446,2.600030001426651,9.02061855670103,0,1,1,388,504.0,2520
504,2.6458333333333335,3.0165313076567535,9.111675126903553,0,0,0,394,505.0,2525
505,2.513888888888889,3.001939143856061,9.274111675126903,0,1,0,394,506.0,2530
506,2.2083333333333335,2.952751340252987,8.255754475703325,0,1,0,391,507.0,2535
507,2.076388888888889,3.0022664353122823,7.593350383631714,0,0,0,391,508.0,2540
508,1.8888888888888888,3.399867550550321,6.478371501272265,0,0,2,393,509.0,2545
509,1.9791666666666667,3.4058247282029632,6.570694087403599,0,1,0,389,510.0,2550
510,2.201388888888889,3.4237488327697014,7.717223650385604,0,1,1,389,511.0,2555
511,2.3541666666666665,3.414733906073039,8.974358974358974,0,1,0,390,512.0,2560
512,2.4444444444444446,3.1348622292711528,10.394329896907216,0,1,0,388,513.0,2565
513,2.486111111111111,3.0318964836874036,11.54025974025974,0,1,1,385,514.0,2570
514,2.4097222222222223,3.0646934576033438,12.8203125,0,0,0,384,515.0,2575
515,2.5069444444444446,2.8668869849196397,13.822916666666666,0,1,0,384,516.0,2580
516,2.625,2.77064134396101,15.220207253886011,0,0,0,386,517.0,2585
517,2.6944444444444446,3.0053596435208383,16.65974025974026,0,0,1,385,518.0,2590
518,2.5416666666666665,3.197481610832139,17.533854166666668,0,0,1,384,519.0,2595
519,2.5277777777777777,3.369130610895784,17.73246753246753,0,0,0,385,520.0,2600
520,2.513888888888889,2.9535662727933305,17.458115183246072,0,1,1,382,521.0,2605
521,2.3819444444444446,2.7530034572755655,16.41755319148936,0,3,0,376,522.0,2610
522,2.2291666666666665,2.7509574471456513,14.82573726541555,0,2,1,373,523.0,2615
523,2.3055555555555554,2.3954897186481454,12.729946524064172,0,1,1,374,524.0,2620
524,2.388888888888889,2.2562875807102456,10.57027027027027,0,2,0,370,525.0,2625
525,2.3819444444444446,2.3445089952415668,9.89100817438692,0,1,0,367,526.0,2630
526,2.236111111111111,2.8151766046581614,10.043360433604336,0,0,0,369,527.0,2635
527,2.236111111111111,3.2342515842070663,10.321621621621622,0,0,1,370,528.0,2640
528,2.1875,3.1523905382140587,10.290322580645162,0,1,1,372,529.0,2645
529,2.375,3.1462207199779186,10.433962264150944,0,2,1,371,530.0,2650
530,2.3541666666666665,3.335065231956232,8.793010752688172,0,0,0,372,531.0,2655
531,2.4166666666666665,3.4844480283905774,9.466487935656836,0,0,0,373,532.0,2660
532,2.2916666666666665,3.503827376719835,9.82972972972973,0,2,1,370,533.0,2665
533,2.2083333333333335,3.360080688631686,9.501355013550135,0,1,0,369,534.0,2670
534,2.125,3.29149996755766,10.186629526462395,0,2,0,359,535.0,2675
535,2.1527777777777777,2.932058281973972,11.073446327683616,0,1,0,354,536.0,2680
536,2.3402777777777777,2.7627356037436974,12.529577464788732,0,0,1,355,537.0,2685
537,2.3125,2.5731122808177074,13.988636363636363,0,1,1,352,538.0,2690
538,2.236111111111111,2.695879457865533,14.076487252124647,0,0,0,353,539.0,2695
539,2.1319444444444446,2.8127204829897345,14.223796033994335,0,0,0,353,540.0,2700
540,2.2291666666666665,2.684163131438009,15.101123595505618,0,1,0,356,541.0,2705
541,2.3958333333333335,2.2806953928774596,17.405714285714286,0,2,0,350,542.0,2710
542,2.423611111111111,1.9351820731701375,18.977077363896846,0,0,0,349,543.0,2715
543,2.361111111111111,2.062056095230965,18.51008645533141,0,1,0,347,544.0,2720
544,2.048611111111111,2.8098708591862276,17.069767441860463,0,0,1,344,545.0,2725
545,1.8333333333333333,3.776783602535258,15.68313953488372,0,0,0,344,546.0,2730
546,1.7430555555555556,4.116716070159162,12.86376811594203,0,2,1,345,547.0,2735
547,1.75,3.938089201874642,10.702064896755163,0,2,0,339,548.0,2740
548,1.7291666666666667,3.9186473106353166,10.732142857142858,0,1,1,336,549.0,2745
549,1.7708333333333333,3.756044536401003,9.00301204819277,0,0,1,332,550.0,2750
550,1.7361111111111112,3.874188015630782,7.818181818181818,0,0,1,330,551.0,2755
551,1.7847222222222223,3.8213609734374403,8.226586102719033,0,0,0,331,552.0,2760
552,1.75,3.7155879902855595,8.829787234042554,0,0,0,329,553.0,2765
553,1.8125,3.4791264900066543,8.268072289156626,0,1,2,332,554.0,2770
554,1.7916666666666667,3.463555908453877,8.213213213213214,0,1,1,333,555.0,2775
555,1.8680555555555556,3.240409719977198,9.25301204819277,0,0,0,332,556.0,2780
556,1.9722222222222223,2.9657389261470586,9.571856287425149,0,1,1,334,557.0,2785
557,2.076388888888889,2.684456455123161,10.423880597014925,0,0,0,335,558.0,2790
558,1.9583333333333333,2.8379302245898077,9.327433628318584,0,0,1,339,559.0,2795
559,2.076388888888889,2.7893963866291616,9.26764705882353,0,0,2,340,560.0,2800
560,2.263888888888889,2.6430027918927093,10.011834319526628,0,0,1,338,561.0,2805
561,2.3819444444444446,2.358668081260876,10.882005899705014,0,0,1,339,562.0,2810
562,2.4375,2.2910062167698606,11.514705882352942,0,1,0,340,563.0,2815
563,2.388888888888889,2.8640266236586087,11.705539358600584,0,0,0,343,564.0,2820
564,2.361111111111111,3.1347862584710002,12.988372093023257,0,1,1,344,565.0,2825
565,2.3541666666666665,3.155060928430442,14.47800586510264,0,0,0,341,566.0,2830
566,2.3055555555555554,3.1534013925014364,14.624633431085044,0,1,0,341,567.0,2835
567,2.3333333333333335,2.9981124757653226,15.476608187134502,0,0,1,342,568.0,2840
568,2.1666666666666665,3.0795866011709827,16.04985337243402,0,0,0,341,569.0,2845
569,2.2777777777777777,3.3035749145165276,17.964601769911503,0,2,2,339,570.0,2850
570,2.388888888888889,3.104910254381256,20.035502958579883,0,0,1,338,571.0,2855
571,2.4444444444444446,3.142056825260098,21.04747774480712,0,0,0,337,572.0,2860
572,2.423611111111111,2.8218762435714346,20.539823008849556,0,1,0,339,573.0,2865
573,2.548611111111111,2.9744532993043022,20.085545722713864,0,1,0,339,574.0,2870
574,2.3402777777777777,3.171236982251291,18.43235294117647,0,1,2,340,575.0,2875
575,2.3194444444444446,3.0677529947641347,18.087976539589445,0,1,0,341,576.0,2880
576,2.3333333333333335,3.1217150130353897,16.73235294117647,0,3,0,340,577.0,2885
577,2.1458333333333335,3.258331832133485,14.673590504451038,0,0,0,337,578.0,2890
578,1.9305555555555556,3.4869258519470776,11.468656716417911,0,1,0,335,579.0,2895
579,1.7986111111111112,4.147254266294561,10.623145400593472,0,0,0,337,580.0,2900
580,1.7847222222222223,4.374883937001874,10.504451038575668,0,0,1,337,581.0,2905
581,1.7430555555555556,4.171597981408469,10.544910179640718,0,2,0,334,582.0,2910
582,1.9305555555555556,3.7959216988229727,11.15820895522388,0,1,0,335,583.0,2915
583,1.6597222222222223,3.752529100827865,10.744744744744745,0,0,0,333,584.0,2920
584,1.7083333333333333,3.4283641873909536,10.64776119402985,0,0,0,335,585.0,2925
585,1.8333333333333333,3.4939623853532473,11.157738095238095,0,0,0,336,586.0,2930
586,1.8541666666666667,3.3517635751137793,10.347181008902076,0,0,1,337,587.0,2935
587,2.0416666666666665,2.9549140174511024,10.102339181286549,0,0,0,342,588.0,2940
588,2.0555555555555554,2.9288477998348097,8.930835734870318,0,0,1,347,589.0,2945
589,1.9375,3.237347666491633,8.75072463768116,0,0,0,345,590.0,2950
590,1.8958333333333333,3.42438686377187,8.465317919075144,0,0,0,346,591.0,2955
591,1.8611111111111112,3.333592723333289,8.401162790697674,0,2,1,344,592.0,2960
592,1.7083333333333333,3.224679262119453,6.807121661721069,0,2,0,337,593.0,2965
593,2.013888888888889,2.813813610777221,7.7379518072289155,0,2,0,332,594.0,2970
594,1.9791666666666667,2.4918825881634086,7.232628398791541,0,0,0,331,595.0,2975
595,2.1527777777777777,2.4579655121724597,8.620481927710843,0,0,0,332,596.0,2980
596,2.1180555555555554,2.7201744727081536,9.534534534534535,0,0,1,333,597.0,2985
597,2.2083333333333335,3.0435338168047537,11.0,0,0,2,335,598.0,2990
598,2.1527777777777777,3.0485227109264317,11.67867867867868,0,0,0,333,599.0,2995
599,2.1805555555555554,3.06872327644508,10.930722891566266,0,1,2,332,600.0,3000
600,2.0972222222222223,3.2943023205853326,11.138138138138139,0,0,0,333,601.0,3005
601,2.0694444444444446,3.147113150462921,10.951951951951951,0,1,0,333,602.0,3010
602,2.2569444444444446,2.484302323297051,12.125373134328358,0,1,0,335,603.0,3015
603,2.2430555555555554,2.5263753245298273,12.226865671641791,0,0,0,335,604.0,3020
604,2.423611111111111,2.44552536195369,14.112094395280236,0,0,1,339,605.0,3025
605,2.5625,2.3305544382356804,16.316568047337277,0,0,0,338,606.0,3030
606,2.3402777777777777,2.614620626571406,16.16568047337278,0,1,1,338,607.0,3035
607,2.138888888888889,2.9413906439394157,16.606508875739646,0,1,0,338,608.0,3040
608,2.2569444444444446,2.818373475601394,17.19287833827893,0,1,0,337,609.0,3045
609,2.25,2.690938240516321,16.83582089552239,0,0,1,335,610.0,3050
610,2.298611111111111,2.855181025598559,16.329376854599406,0,2,1,337,611.0,3055
611,2.236111111111111,3.31674972897011,15.679411764705883,0,0,0,340,612.0,3060
612,2.1458333333333335,3.319209271595661,15.16231884057971,0,1,0,345,613.0,3065
613,2.25,3.0421958052742,15.02608695652174,0,1,0,345,614.0,3070
614,2.2847222222222223,2.542842588475031,14.82267441860465,0,1,1,344,615.0,3075
615,2.3125,2.315260975968259,13.728862973760933,0,1,0,343,616.0,3080
616,2.2847222222222223,2.044868648049352,13.722713864306785,0,0,0,339,617.0,3085
617,2.1458333333333335,2.2165842707752446,13.035502958579881,0,0,0,338,618.0,3090
618,1.9652777777777777,2.473038188391108,11.791176470588235,0,0,0,340,619.0,3095
619,1.9513888888888888,2.7052035997655843,11.530791788856305,0,1,0,341,620.0,3100
620,2.1597222222222223,2.536381496200358,12.466076696165192,0,1,0,339,621.0,3105
621,2.2777777777777777,2.2048885557233975,13.828402366863905,0,0,0,338,622.0,3110
622,2.1666666666666665,2.4557953321617934,13.828908554572271,0,0,2,339,623.0,3115
623,2.0902777777777777,2.5043397223028725,14.246290801186944,0,0,0,337,624.0,3120
624,2.1319444444444446,2.5332890912745096,14.775147928994082,0,1,0,338,625.0,3125
625,2.2569444444444446,2.365867919152093,15.552552552552553,0,2,0,333,626.0,3130
626,2.3055555555555554,2.5822259613493883,16.23145400593472,0,0,0,337,627.0,3135
627,2.2222222222222223,2.991818484130924,17.385756676557865,0,0,0,337,628.0,3140
628,2.1666666666666665,3.087969579304604,18.17065868263473,0,0,0,334,629.0,3145
629,2.111111111111111,2.9811814063393283,19.255255255255257,0,0,0,333,630.0,3150
630,2.1527777777777777,3.2380854553135086,20.31845238095238,0,1,0,336,631.0,3155
631,2.2708333333333335,2.9884200990215772,21.225225225225227,0,0,0,333,632.0,3160
632,2.0555555555555554,2.781679813727152,20.151515151515152,0,2,0,330,633.0,3165
633,2.0902777777777777,2.6618487701163644,19.94495412844037,0,1,2,327,634.0,3170
634,2.0972222222222223,2.7127228768584217,20.585889570552148,0,0,0,326,635.0,3175
635,2.1944444444444446,2.643816343420411,22.143730886850154,0,0,0,327,636.0,3180
636,2.201388888888889,2.365081622224001,22.932098765432098,0,1,2,324,637.0,3185
637,2.0694444444444446,2.623363660596635,23.270186335403725,0,1,0,322,638.0,3190
638,2.0,2.8785014849784893,23.446875,0,2,0,320,639.0,3195
639,1.9861111111111112,2.970418322954867,24.158227848101266,0,0,0,316,640.0,3200
640,2.048611111111111,2.9740903898451965,25.526813880126184,0,0,2,317,641.0,3205
641,2.0416666666666665,3.085199716549503,25.984326018808776,0,0,0,319,642.0,3210
642,2.0902777777777777,3.440409896119861,26.9125,0,0,1,320,643.0,3215
643,1.9652777777777777,3.6673126874177746,26.81619937694704,0,1,0,321,644.0,3220
644,2.1180555555555554,3.227226870074894,28.09006211180124,0,1,2,322,645.0,3225
645,2.138888888888889,2.858524641178359,28.909657320872274,0,0,0,321,646.0,3230
646,1.8472222222222223,3.0974810972038913,27.180124223602483,0,0,1,322,647.0,3235
647,1.7916666666666667,3.240444367323977,24.781931464174455,0,1,1,321,648.0,3240
648,1.8888888888888888,3.451827768267921,24.40432098765432,0,0,0,324,649.0,3245
649,1.8263888888888888,3.654449786477542,25.03416149068323,0,0,1,322,650.0,3250
650,1.8333333333333333,3.5079707879189552,24.35202492211838,0,1,0,321,651.0,3255
651,2.0625,3.3439148819046367,26.36875,0,0,1,320,652.0,3260
652,2.1944444444444446,2.8174917116295037,28.109717868338556,0,1,0,319,653.0,3265
653,2.361111111111111,2.4730701820243057,30.39047619047619,0,2,1,315,654.0,3270
654,2.111111111111111,2.561819054028513,30.714285714285715,0,1,1,315,655.0,3275
655,1.7708333333333333,3.144600231114593,28.43949044585987,0,1,0,314,656.0,3280
656,1.6388888888888888,3.64122174737598,26.440894568690094,0,1,0,313,657.0,3285
657,1.6527777777777777,4.0378311904421835,26.437699680511184,0,0,0,313,658.0,3290
658,1.5625,4.108441707261393,20.27741935483871,0,1,0,310,659.0,3295
659,1.6180555555555556,4.13179151697347,17.653721682847895,0,1,0,309,660.0,3300
660,1.5138888888888888,4.443849084834051,17.270096463022508,0,0,1,311,661.0,3305
661,1.3194444444444444,4.615537129264809,8.625806451612902,0,1,1,310,662.0,3310
662,1.3472222222222223,4.2891055789228405,5.53074433656958,0,1,0,309,663.0,3315
663,1.5347222222222223,3.978606648387492,6.45483870967742,0,1,0,310,664.0,3320
664,1.6041666666666667,3.7917089868484557,7.858552631578948,0,1,0,304,665.0,3325
665,1.5208333333333333,4.002550713422979,7.03921568627451,0,0,0,306,666.0,3330
666,1.3194444444444444,4.554271306663567,5.620915032679738,0,0,0,306,667.0,3335
667,1.4166666666666667,4.218035618490183,5.69281045751634,0,0,0,306,668.0,3340
668,1.4791666666666667,3.869551597710536,6.1033333333333335,0,3,0,300,669.0,3345
669,1.6458333333333333,3.513128818805,6.969283276450512,0,1,0,293,670.0,3350
670,1.5902777777777777,3.56931394329628,7.67235494880546,0,0,0,293,671.0,3355
671,1.6388888888888888,4.015905999040292,9.224489795918368,0,0,0,294,672.0,3360
672,1.6666666666666667,3.9691376433042795,10.469594594594595,0,0,0,296,673.0,3365
673,1.6388888888888888,3.7682064162878253,8.407407407407407,0,1,1,297,674.0,3370
674,1.5694444444444444,3.6285671188301354,7.6925675675675675,0,0,1,296,675.0,3375
675,1.5486111111111112,3.7210421384413515,7.1610738255033555,0,0,0,298,676.0,3380
676,1.6597222222222223,3.706859520447131,7.295681063122924,0,1,2,301,677.0,3385
677,1.7569444444444444,3.5527525800233923,7.2724252491694354,0,1,0,301,678.0,3390
678,1.8819444444444444,3.166516473194013,7.15,0,1,0,300,679.0,3395
679,2.0833333333333335,2.912526494567882,9.306666666666667,0,2,0,300,680.0,3400
680,2.1180555555555554,2.837548840354826,10.59468438538206,0,1,1,301,681.0,3405
681,1.9930555555555556,2.9696075131589392,9.954248366013072,0,0,0,306,682.0,3410
682,2.076388888888889,3.2400780582262847,10.54368932038835,0,0,0,309,683.0,3415
683,2.1805555555555554,3.211968977137061,12.137820512820513,0,0,1,312,684.0,3420
684,2.25,3.126890163853607,13.271293375394322,0,1,1,317,685.0,3425
685,2.3194444444444446,2.616989594633175,14.871069182389936,0,2,2,318,686.0,3430
686,2.1875,2.2103498500706404,14.839622641509434,0,0,1,318,687.0,3435
687,2.3541666666666665,2.22548592601827,16.147335423197493,0,0,0,319,688.0,3440
688,2.361111111111111,2.5961729447617894,16.46894409937888,0,0,0,322,689.0,3445
689,2.0208333333333335,3.3831147727112008,14.269113149847096,0,0,2,327,690.0,3450
690,2.0277777777777777,3.721699228019274,13.933130699088146,0,0,1,329,691.0,3455
691,1.8541666666666667,3.7989489346194825,12.942424242424243,0,0,0,330,692.0,3460
692,1.875,3.853396998986807,11.857575757575757,0,1,1,330,693.0,3465
693,1.9583333333333333,3.6871840289360174,11.99390243902439,0,0,0,328,694.0,3470
694,1.9375,3.5562856619792123,12.094224924012158,0,1,0,329,695.0,3475
695,1.9375,3.3408806440725534,12.606707317073171,0,0,0,328,696.0,3480
696,1.8888888888888888,3.444398178398036,12.006153846153847,0,1,1,325,697.0,3485
697,1.9305555555555556,3.790121402582205,12.472222222222221,0,1,0,324,698.0,3490
698,1.9513888888888888,4.119938762339094,13.648318042813456,0,0,0,327,699.0,3495
699,1.9027777777777777,3.861264505384489,14.504672897196262,0,3,0,321,700.0,3500
700,1.9027777777777777,3.250183166709648,13.832807570977918,0,2,0,317,701.0,3505
701,1.9236111111111112,3.417569436228217,14.41904761904762,0,1,0,315,702.0,3510
702,1.8541666666666667,3.6056953867236894,14.636942675159236,0,1,0,314,703.0,3515
703,1.9375,3.443056637631087,15.25,0,0,0,312,704.0,3520
704,1.9583333333333333,3.495210976228241,15.836538461538462,0,1,0,312,705.0,3525
705,1.9305555555555556,3.7954867262092113,16.47923322683706,0,1,1,313,706.0,3530
706,1.8055555555555556,4.229148655383667,17.19614147909968,0,2,0,311,707.0,3535
707,1.7708333333333333,4.044552525279336,17.649350649350648,0,2,0,308,708.0,3540
708,1.7916666666666667,3.6376636555096,17.603896103896105,0,0,1,308,709.0,3545
709,1.7638888888888888,3.696314340631249,14.068403908794789,0,0,1,307,710.0,3550
710,1.8958333333333333,3.992180556577935,13.172077922077921,0,0,0,308,711.0,3555
711,1.9236111111111112,3.8412409770580056,12.756493506493506,0,0,1,308,712.0,3560
712,1.9583333333333333,3.652011759254976,9.66225165562914,0,2,1,302,713.0,3565
713,1.6180555555555556,3.919079163289951,6.728187919463087,0,2,0,298,714.0,3570
714,1.6180555555555556,4.37180760568438,6.046666666666667,0,0,1,300,715.0,3575
715,1.7291666666666667,4.047953182793476,6.596666666666667,0,0,0,300,716.0,3580
716,1.7361111111111112,3.693769673176318,6.779661016949152,0,0,0,295,717.0,3585
717,1.7013888888888888,3.9076204095525484,7.608108108108108,0,0,0,296,718.0,3590
718,1.6458333333333333,3.8173228848003617,8.08843537414966,0,0,0,294,719.0,3595
719,1.7291666666666667,3.983962441604179,9.357142857142858,0,0,0,294,720.0,3600
